Id,starttime,endtime,duration,logId
1503960366,2016-04-12 02:47:30,2016-04-12 08:32:30,05:45:00,11380564589
1503960366,2016-04-13 03:08:30,2016-04-13 08:20:30,05:12:00,11388770715
1503960366,2016-04-13 20:10:00,2016-04-13 21:43:00,01:33:00,11388770716
1503960366,2016-04-15 02:59:00,2016-04-15 10:20:00,07:21:00,11402722600
1503960366,2016-04-16 02:11:00,2016-04-16 06:59:00,04:48:00,11421831252
1503960366,2016-04-16 07:02:00,2016-04-16 08:19:00,01:17:00,11421831253
1503960366,2016-04-16 23:27:00,2016-04-17 11:18:00,11:51:00,11421831254
1503960366,2016-04-19 02:06:30,2016-04-19 07:25:30,05:19:00,11439580762
1503960366,2016-04-20 02:01:00,2016-04-20 08:17:00,06:16:00,11447640793
1503960366,2016-04-21 02:32:30,2016-04-21 08:35:30,06:03:00,11455720858
1503960366,2016-04-23 02:23:00,2016-04-23 08:46:00,06:23:00,11467122444
1503960366,2016-04-24 01:57:30,2016-04-24 09:25:30,07:28:00,11474187653
1503960366,2016-04-25 02:56:00,2016-04-25 08:18:00,05:22:00,11486980511
1503960366,2016-04-26 03:59:30,2016-04-26 08:32:30,04:33:00,11493711616
1503960366,2016-04-28 02:02:00,2016-04-28 08:34:00,06:32:00,11510040462
1503960366,2016-04-29 02:21:30,2016-04-29 08:14:30,05:53:00,11517735116
1503960366,2016-04-30 01:50:00,2016-04-30 08:54:00,07:04:00,11522188936
1503960366,2016-05-01 02:02:30,2016-05-01 08:37:30,06:35:00,11531996212
1503960366,2016-05-02 03:15:30,2016-05-02 08:23:30,05:08:00,11540663911
1503960366,2016-05-03 03:39:00,2016-05-03 08:34:00,04:55:00,11548039064
1503960366,2016-05-05 04:16:30,2016-05-05 08:39:30,04:23:00,11562571546
1503960366,2016-05-06 02:25:30,2016-05-06 08:31:30,06:06:00,11569709241
1503960366,2016-05-07 02:41:00,2016-05-07 08:29:00,05:48:00,11576325621
1503960366,2016-05-08 01:32:30,2016-05-08 11:42:30,10:10:00,11582776423
1503960366,2016-05-09 00:35:30,2016-05-09 06:16:30,05:41:00,11591926984
1503960366,2016-05-10 01:36:30,2016-05-10 08:18:30,06:42:00,11611033063
1503960366,2016-05-11 03:08:30,2016-05-11 08:13:30,05:05:00,11611033064
1644430081,2016-04-29 18:33:30,2016-04-29 20:39:30,02:06:00,11523617009
1644430081,2016-04-30 14:54:30,2016-04-30 17:15:30,02:21:00,11524592517
1644430081,2016-05-01 18:01:00,2016-05-02 10:01:00,16:00:00,11548609830
1644430081,2016-05-08 18:12:30,2016-05-08 20:45:30,02:33:00,11608693255
1844505072,2016-04-14 20:16:00,2016-04-15 12:16:00,16:00:00,11403372987
1844505072,2016-04-29 22:09:00,2016-04-30 14:09:00,16:00:00,11523519346
1844505072,2016-04-30 20:52:00,2016-05-01 12:52:00,16:00:00,11530537917
1927972279,2016-04-11 21:56:00,2016-04-12 06:08:00,08:12:00,11372414035
1927972279,2016-04-12 06:27:00,2016-04-12 08:35:00,02:08:00,11374768075
1927972279,2016-04-12 11:40:00,2016-04-12 14:12:00,02:32:00,11376465497
1927972279,2016-04-13 02:23:00,2016-04-13 09:24:00,07:01:00,11384336437
1927972279,2016-04-14 23:09:00,2016-04-15 03:56:00,04:47:00,11398575572
1927972279,2016-04-15 05:31:00,2016-04-15 09:01:00,03:30:00,11401641693
1927972279,2016-04-25 21:55:00,2016-04-26 03:09:00,05:14:00,11492104450
1927972279,2016-04-28 11:42:00,2016-04-28 14:39:00,02:57:00,11507403943
2026352035,2016-04-11 20:48:00,2016-04-12 05:53:00,09:05:00,11372566564
2026352035,2016-04-12 20:52:00,2016-04-13 06:16:00,09:24:00,11382294591
2026352035,2016-04-13 21:18:00,2016-04-14 06:45:00,09:27:00,11391168707
2026352035,2016-04-14 20:56:00,2016-04-15 06:28:00,09:32:00,11399886313
2026352035,2016-04-15 21:04:00,2016-04-16 06:30:00,09:26:00,11407818391
2026352035,2016-04-16 21:09:00,2016-04-17 05:26:00,08:17:00,11415575687
2026352035,2016-04-18 20:44:00,2016-04-19 05:43:00,08:59:00,11432703842
2026352035,2016-04-19 21:10:00,2016-04-20 05:39:00,08:29:00,11441438237
2026352035,2016-04-20 21:30:30,2016-04-21 06:03:30,08:33:00,11450431030
2026352035,2016-04-21 21:06:00,2016-04-22 06:10:00,09:04:00,11459456610
2026352035,2016-04-22 20:45:00,2016-04-23 05:58:00,09:13:00,11464357502
2026352035,2016-04-23 20:49:00,2016-04-24 06:39:00,09:50:00,11473013379
2026352035,2016-04-24 21:08:00,2016-04-25 05:58:00,08:50:00,11479531689
2026352035,2016-04-26 21:46:00,2016-04-27 06:50:00,09:04:00,11496429833
2026352035,2016-04-27 21:23:00,2016-04-28 06:27:00,09:04:00,11504172158
2026352035,2016-04-28 22:25:00,2016-04-29 06:54:00,08:29:00,11512494969
2026352035,2016-04-29 20:59:00,2016-04-30 07:05:00,10:06:00,11519761551
2026352035,2016-04-30 20:53:00,2016-05-01 05:58:00,09:05:00,11526325029
2026352035,2016-05-01 21:06:00,2016-05-02 06:08:00,09:02:00,11534045885
2026352035,2016-05-03 21:25:30,2016-05-04 06:44:30,09:19:00,11550023964
2026352035,2016-05-04 21:21:30,2016-05-05 05:25:30,08:04:00,11556705027
2026352035,2016-05-05 21:20:30,2016-05-06 06:27:30,09:07:00,11564567481
2026352035,2016-05-06 21:22:30,2016-05-07 06:02:30,08:40:00,11571001413
2026352035,2016-05-07 20:58:00,2016-05-08 06:25:00,09:27:00,11578350038
2026352035,2016-05-08 20:54:00,2016-05-09 06:09:00,09:15:00,11586309934
2026352035,2016-05-09 21:54:00,2016-05-10 04:13:00,06:19:00,11602073203
2026352035,2016-05-10 21:13:30,2016-05-11 06:25:30,09:12:00,11605330115
2026352035,2016-05-11 21:25:00,2016-05-12 05:29:00,08:04:00,11613084210
2320127002,2016-04-23 20:10:30,2016-04-23 21:18:30,01:08:00,11469474452
2347167796,2016-04-12 22:05:00,2016-04-13 06:55:00,08:50:00,11385457746
2347167796,2016-04-13 22:18:00,2016-04-14 06:26:00,08:08:00,11390804844
2347167796,2016-04-14 22:27:00,2016-04-15 06:50:00,08:23:00,11404834335
2347167796,2016-04-16 22:54:00,2016-04-17 08:55:00,10:01:00,11416786187
2347167796,2016-04-17 21:41:00,2016-04-18 06:57:00,09:16:00,11425486430
2347167796,2016-04-18 22:09:30,2016-04-19 06:42:30,08:33:00,11438439209
2347167796,2016-04-20 22:14:00,2016-04-21 06:17:00,08:03:00,11449590252
2347167796,2016-04-21 23:16:30,2016-04-22 06:56:30,07:40:00,11460699660
2347167796,2016-04-23 00:20:30,2016-04-23 06:45:30,06:25:00,11468101354
2347167796,2016-04-23 23:24:30,2016-04-24 07:02:30,07:38:00,11473106301
2347167796,2016-04-24 22:47:00,2016-04-25 06:37:00,07:50:00,11485704111
2347167796,2016-04-25 22:34:30,2016-04-26 06:43:30,08:09:00,11496194770
2347167796,2016-04-26 22:44:30,2016-04-27 07:02:30,08:18:00,11496194771
2347167796,2016-04-27 22:56:00,2016-04-28 06:25:00,07:29:00,11508327337
2347167796,2016-04-28 22:59:00,2016-04-29 06:51:00,07:52:00,11511973625
3977333714,2016-04-12 00:35:00,2016-04-12 08:23:00,07:48:00,11376097379
3977333714,2016-04-13 00:45:00,2016-04-13 07:19:00,06:34:00,11383276204
3977333714,2016-04-13 20:21:30,2016-04-13 21:21:30,01:00:00,11389080820
3977333714,2016-04-14 01:35:00,2016-04-14 08:11:00,06:36:00,11393928506
3977333714,2016-04-15 02:05:00,2016-04-15 11:20:00,09:15:00,11402582711
3977333714,2016-04-16 00:10:30,2016-04-16 08:39:30,08:29:00,11411726685
3977333714,2016-04-17 00:21:00,2016-04-17 09:46:00,09:25:00,11419539457
3977333714,2016-04-18 01:04:00,2016-04-18 08:30:00,07:26:00,11429723762
3977333714,2016-04-18 15:20:00,2016-04-18 16:34:00,01:14:00,11429723763
3977333714,2016-04-19 01:58:30,2016-04-19 08:32:30,06:34:00,11434580717
3977333714,2016-04-20 04:52:00,2016-04-20 08:56:00,04:04:00,11443226218
3977333714,2016-04-20 12:15:30,2016-04-20 13:14:30,00:59:00,11446881699
3977333714,2016-04-20 23:34:00,2016-04-21 08:05:00,08:31:00,11469011466
3977333714,2016-04-22 01:43:30,2016-04-22 09:38:30,07:55:00,11469011467
3977333714,2016-04-23 01:24:00,2016-04-23 07:35:00,06:11:00,11469011468
3977333714,2016-04-24 00:28:00,2016-04-24 09:13:00,08:45:00,11472659114
3977333714,2016-04-25 01:15:00,2016-04-25 09:01:00,07:46:00,11485514676
3977333714,2016-04-26 03:06:00,2016-04-26 09:16:00,06:10:00,11498178822
3977333714,2016-04-27 00:39:00,2016-04-27 09:38:00,08:59:00,11498330023
3977333714,2016-04-28 02:41:00,2016-04-28 09:43:00,07:02:00,11514103969
3977333714,2016-04-29 00:27:00,2016-04-29 08:24:00,07:57:00,11514103970
3977333714,2016-04-30 00:20:00,2016-04-30 06:41:00,06:21:00,11519611316
3977333714,2016-04-30 22:38:00,2016-05-01 09:03:00,10:25:00,11527687449
3977333714,2016-05-02 00:52:00,2016-05-02 07:15:00,06:23:00,11534635322
3977333714,2016-05-03 00:52:30,2016-05-03 09:11:30,08:19:00,11547934264
3977333714,2016-05-04 02:36:30,2016-05-04 08:11:30,05:35:00,11552949524
3977333714,2016-05-05 00:51:00,2016-05-05 08:50:00,07:59:00,11576380691
3977333714,2016-05-06 00:39:30,2016-05-06 09:10:30,08:31:00,11576380692
3977333714,2016-05-07 01:07:00,2016-05-07 08:29:00,07:22:00,11576380694
3977333714,2016-05-08 02:10:00,2016-05-08 08:44:00,06:34:00,11583910495
3977333714,2016-05-08 14:03:30,2016-05-08 15:03:30,01:00:00,11583910496
3977333714,2016-05-10 00:46:00,2016-05-10 08:17:00,07:31:00,11597457268
4020332650,2016-04-11 21:17:00,2016-04-12 06:17:00,09:00:00,11375838887
4020332650,2016-04-16 01:31:00,2016-04-16 02:47:00,01:16:00,11409992504
4020332650,2016-05-02 23:12:00,2016-05-03 04:43:00,05:31:00,11543765897
4020332650,2016-05-03 23:28:30,2016-05-04 08:23:30,08:55:00,11552754875
4020332650,2016-05-05 00:36:00,2016-05-05 04:43:00,04:07:00,11557855778
4020332650,2016-05-06 00:27:30,2016-05-06 07:14:30,06:47:00,11592141407
4020332650,2016-05-08 00:37:00,2016-05-08 07:18:00,06:41:00,11592141408
4020332650,2016-05-09 23:26:00,2016-05-10 07:39:00,08:13:00,11595616677
4319703577,2016-04-13 22:33:00,2016-04-14 07:49:00,09:16:00,11439308634
4319703577,2016-04-14 23:28:30,2016-04-15 07:38:30,08:10:00,11439308635
4319703577,2016-04-16 00:10:30,2016-04-16 08:51:30,08:41:00,11439308636
4319703577,2016-04-17 22:46:00,2016-04-18 07:56:00,09:10:00,11439308637
4319703577,2016-04-18 22:49:00,2016-04-19 03:27:00,04:38:00,11439308639
4319703577,2016-04-19 03:37:30,2016-04-19 07:15:30,03:38:00,11439308640
4319703577,2016-04-19 22:22:00,2016-04-20 07:24:00,09:02:00,11447734147
4319703577,2016-04-21 16:33:00,2016-04-21 17:37:00,01:04:00,11501142212
4319703577,2016-04-21 22:44:30,2016-04-22 07:53:30,09:09:00,11501142214
4319703577,2016-04-22 22:59:00,2016-04-23 11:00:00,12:01:00,11501142216
4319703577,2016-04-24 00:09:00,2016-04-24 08:29:00,08:20:00,11501142219
4319703577,2016-04-24 23:10:00,2016-04-25 07:35:00,08:25:00,11501142221
4319703577,2016-04-25 23:18:00,2016-04-26 07:53:00,08:35:00,11501142223
4319703577,2016-04-27 02:29:00,2016-04-27 07:35:00,05:06:00,11501142225
4319703577,2016-04-27 22:20:30,2016-04-28 07:01:30,08:41:00,11512958234
4319703577,2016-04-28 22:34:30,2016-04-29 07:39:30,09:05:00,11512958235
4319703577,2016-04-29 23:18:00,2016-04-30 07:53:00,08:35:00,11523726410
4319703577,2016-04-30 23:29:00,2016-05-01 07:48:00,08:19:00,11550579238
4319703577,2016-05-01 22:52:30,2016-05-02 07:17:30,08:25:00,11550579239
4319703577,2016-05-02 22:58:30,2016-05-03 07:29:30,08:31:00,11550579240
4319703577,2016-05-05 22:26:30,2016-05-06 06:36:30,08:10:00,11575271293
4319703577,2016-05-06 23:40:00,2016-05-07 08:29:00,08:49:00,11575271294
4319703577,2016-05-07 23:26:30,2016-05-08 10:03:30,10:37:00,11611314890
4319703577,2016-05-08 22:41:30,2016-05-09 08:05:30,09:24:00,11611314891
4319703577,2016-05-09 22:47:30,2016-05-10 07:23:30,08:36:00,11611314892
4319703577,2016-05-10 22:23:00,2016-05-11 07:40:00,09:17:00,11611314893
4319703577,2016-05-11 22:47:30,2016-05-12 04:07:30,05:20:00,11612541628
4388161847,2016-04-14 20:09:00,2016-04-15 04:54:00,08:45:00,11438827487
4388161847,2016-04-15 23:51:30,2016-04-16 06:18:30,06:27:00,11438827488
4388161847,2016-04-16 15:36:00,2016-04-16 16:35:00,00:59:00,11438827489
4388161847,2016-04-16 21:56:30,2016-04-17 06:20:30,08:24:00,11438827490
4388161847,2016-04-17 13:24:30,2016-04-17 15:39:30,02:15:00,11438827491
4388161847,2016-04-18 20:59:30,2016-04-18 22:42:30,01:43:00,11438827492
4388161847,2016-04-18 23:15:00,2016-04-19 04:52:00,05:37:00,11438827493
4388161847,2016-04-19 21:22:00,2016-04-20 04:52:00,07:30:00,11441459537
4388161847,2016-04-20 21:18:00,2016-04-21 04:55:00,07:37:00,11450335126
4388161847,2016-04-22 15:54:30,2016-04-22 17:18:30,01:24:00,11462400108
4388161847,2016-04-22 22:32:00,2016-04-23 06:52:00,08:20:00,11465910790
4388161847,2016-04-24 00:18:00,2016-04-24 06:12:00,05:54:00,11476527082
4388161847,2016-04-24 08:36:30,2016-04-24 10:37:30,02:01:00,11476527083
4388161847,2016-04-24 16:02:30,2016-04-24 17:59:30,01:57:00,11476527084
4388161847,2016-04-25 23:17:00,2016-04-26 05:02:00,05:45:00,11488358688
4388161847,2016-04-26 20:37:30,2016-04-27 04:56:30,08:19:00,11494606419
4388161847,2016-04-27 21:22:00,2016-04-28 04:59:00,07:37:00,11502756809
4388161847,2016-04-30 00:16:30,2016-04-30 05:54:30,05:38:00,11518651229
4388161847,2016-04-30 14:15:30,2016-04-30 15:45:30,01:30:00,11524120151
4388161847,2016-04-30 22:04:00,2016-05-01 08:00:00,09:56:00,11528636846
4388161847,2016-05-01 22:08:00,2016-05-02 00:16:00,02:08:00,11565366899
4388161847,2016-05-02 01:38:00,2016-05-02 05:44:00,04:06:00,11565366900
4388161847,2016-05-03 22:06:00,2016-05-04 04:59:00,06:53:00,11565366901
4388161847,2016-05-04 20:39:00,2016-05-05 04:53:00,08:14:00,11565366902
4388161847,2016-05-07 00:03:00,2016-05-07 08:18:00,08:15:00,11572868794
4388161847,2016-05-08 01:01:00,2016-05-08 08:06:00,07:05:00,11580213577
4388161847,2016-05-08 10:46:00,2016-05-08 12:40:00,01:54:00,11582178123
4388161847,2016-05-09 20:13:00,2016-05-09 21:17:00,01:04:00,11594333381
4388161847,2016-05-09 22:48:00,2016-05-10 05:02:00,06:14:00,11595075442
4388161847,2016-05-10 20:45:30,2016-05-11 04:58:30,08:13:00,11603580199
4445114986,2016-04-12 01:44:00,2016-04-12 07:15:00,05:31:00,11374744422
4445114986,2016-04-12 09:10:00,2016-04-12 11:14:00,02:04:00,11375953477
4445114986,2016-04-13 01:47:00,2016-04-13 07:11:00,05:24:00,11383698423
4445114986,2016-04-13 09:32:30,2016-04-13 10:52:30,01:20:00,11385332302
4445114986,2016-04-14 03:05:00,2016-04-14 11:16:00,08:11:00,11394064504
4445114986,2016-04-15 00:35:00,2016-04-15 01:44:00,01:09:00,11398452309
4445114986,2016-04-15 02:06:00,2016-04-15 07:14:00,05:08:00,11402134657
4445114986,2016-04-16 01:36:30,2016-04-16 09:54:30,08:18:00,11410367670
4445114986,2016-04-17 02:24:00,2016-04-17 04:10:00,01:46:00,11418467379
4445114986,2016-04-19 01:43:00,2016-04-19 06:25:00,04:42:00,11433617055
4445114986,2016-04-19 08:53:00,2016-04-19 11:13:00,02:20:00,11436130885
4445114986,2016-04-20 02:57:30,2016-04-20 10:38:30,07:41:00,11477307087
4445114986,2016-04-21 03:11:30,2016-04-21 10:59:30,07:48:00,11477307088
4445114986,2016-04-22 03:17:30,2016-04-22 10:13:30,06:56:00,11477307089
4445114986,2016-04-25 01:52:00,2016-04-25 07:36:00,05:44:00,11479862706
4445114986,2016-04-26 02:17:30,2016-04-26 07:13:30,04:56:00,11490421616
4445114986,2016-04-26 08:39:00,2016-04-26 10:12:00,01:33:00,11491484570
4445114986,2016-04-27 03:48:00,2016-04-27 10:01:00,06:13:00,11498820000
4445114986,2016-04-28 04:05:00,2016-04-28 11:26:00,07:21:00,11506979487
4445114986,2016-04-29 02:55:30,2016-04-29 04:42:30,01:47:00,11513834376
4445114986,2016-04-30 02:11:00,2016-04-30 08:03:00,05:52:00,11521467406
4445114986,2016-05-01 02:18:30,2016-05-01 07:24:30,05:06:00,11527350194
4445114986,2016-05-01 08:28:00,2016-05-01 10:59:00,02:31:00,11529296216
4445114986,2016-05-02 02:12:00,2016-05-02 11:13:00,09:01:00,11533384148
4445114986,2016-05-03 01:39:00,2016-05-03 07:03:00,05:24:00,11544307514
4445114986,2016-05-03 09:07:00,2016-05-03 11:11:00,02:04:00,11545629569
4445114986,2016-05-04 03:19:00,2016-05-04 05:54:00,02:35:00,11550884317
4445114986,2016-05-04 08:02:00,2016-05-04 11:28:00,03:26:00,11552807174
4445114986,2016-05-05 01:24:00,2016-05-05 07:08:00,05:44:00,11558506197
4445114986,2016-05-05 08:37:30,2016-05-05 11:24:30,02:47:00,11560045925
4445114986,2016-05-06 02:18:00,2016-05-06 07:08:00,04:50:00,11567082662
4445114986,2016-05-06 09:10:30,2016-05-06 11:00:30,01:50:00,11567979417
4445114986,2016-05-07 02:52:30,2016-05-07 07:16:30,04:24:00,11572172742
4445114986,2016-05-07 14:17:00,2016-05-07 17:07:00,02:50:00,11575932652
4445114986,2016-05-08 02:34:00,2016-05-08 09:04:00,06:30:00,11580968626
4445114986,2016-05-09 00:51:00,2016-05-09 09:43:00,08:52:00,11589147442
4445114986,2016-05-10 02:57:00,2016-05-10 10:02:00,07:05:00,11598021567
4445114986,2016-05-11 01:23:00,2016-05-11 10:12:00,08:49:00,11604805541
4445114986,2016-05-12 01:36:00,2016-05-12 09:56:00,08:20:00,11616251768
4558609924,2016-04-21 00:06:30,2016-04-21 02:22:30,02:16:00,11450944156
4558609924,2016-04-25 22:41:00,2016-04-26 00:41:00,02:00:00,11490035288
4558609924,2016-04-28 22:44:00,2016-04-29 01:42:00,02:58:00,11513595087
4558609924,2016-05-01 20:32:00,2016-05-01 22:40:00,02:08:00,11539521793
4558609924,2016-05-07 23:08:30,2016-05-08 01:21:30,02:13:00,11580819425
4702921684,2016-04-11 23:09:30,2016-04-12 06:27:30,07:18:00,11379793908
4702921684,2016-04-12 22:50:00,2016-04-13 02:21:00,03:31:00,11384442649
4702921684,2016-04-13 02:32:00,2016-04-13 06:09:00,03:37:00,11384442650
4702921684,2016-04-13 23:15:30,2016-04-14 06:09:30,06:54:00,11392839696
4702921684,2016-04-14 23:34:30,2016-04-15 03:50:30,04:16:00,11405470314
4702921684,2016-04-16 00:07:30,2016-04-16 04:38:30,04:31:00,11408721562
4702921684,2016-04-16 04:59:00,2016-04-16 07:12:00,02:13:00,11410487775
4702921684,2016-04-16 22:04:30,2016-04-17 08:15:30,10:11:00,11418702820
4702921684,2016-04-17 21:53:00,2016-04-18 03:04:00,05:11:00,11426605512
4702921684,2016-04-18 21:58:00,2016-04-19 06:04:00,08:06:00,11435468783
4702921684,2016-04-19 21:59:30,2016-04-20 05:46:30,07:47:00,11443572207
4702921684,2016-04-20 22:36:00,2016-04-21 05:49:00,07:13:00,11451457511
4702921684,2016-04-22 23:33:30,2016-04-23 07:27:30,07:54:00,11466575652
4702921684,2016-04-23 23:21:00,2016-04-24 07:46:00,08:25:00,11473673513
4702921684,2016-04-24 23:20:30,2016-04-25 05:39:30,06:19:00,11486893536
4702921684,2016-04-25 22:41:00,2016-04-26 05:49:00,07:08:00,11494006047
4702921684,2016-04-26 22:20:00,2016-04-27 05:48:00,07:28:00,11494907989
4702921684,2016-04-27 22:17:00,2016-04-28 05:57:00,07:40:00,11517465389
4702921684,2016-04-28 22:31:00,2016-04-29 05:57:00,07:26:00,11517465390
4702921684,2016-04-29 22:28:00,2016-04-30 06:48:00,08:20:00,11521472854
4702921684,2016-05-02 22:51:00,2016-05-03 05:03:00,06:12:00,11543748793
4702921684,2016-05-03 22:26:30,2016-05-04 05:39:30,07:13:00,11554093366
4702921684,2016-05-04 22:48:00,2016-05-05 05:55:00,07:07:00,11562534134
4702921684,2016-05-05 22:35:00,2016-05-06 06:03:00,07:28:00,11566566371
4702921684,2016-05-06 21:10:00,2016-05-07 06:12:00,09:02:00,11573168523
4702921684,2016-05-08 22:25:30,2016-05-09 06:02:30,07:37:00,11588643054
4702921684,2016-05-09 22:54:00,2016-05-10 06:04:00,07:10:00,11598134524
4702921684,2016-05-10 22:46:00,2016-05-11 04:51:00,06:05:00,11606986410
4702921684,2016-05-11 22:42:00,2016-05-12 06:03:00,07:21:00,11615068469
5553957443,2016-04-11 22:20:00,2016-04-12 06:03:00,07:43:00,11372227280
5553957443,2016-04-13 00:19:30,2016-04-13 07:22:30,07:03:00,11393617328
5553957443,2016-04-13 12:33:30,2016-04-13 13:36:30,01:03:00,11393617329
5553957443,2016-04-13 22:41:30,2016-04-14 05:38:30,06:57:00,11393617330
5553957443,2016-04-14 23:11:30,2016-04-15 05:59:30,06:48:00,11402087310
5553957443,2016-04-15 23:05:00,2016-04-16 09:19:00,10:14:00,11427859713
5553957443,2016-04-16 11:17:00,2016-04-16 12:27:00,01:10:00,11427859714
5553957443,2016-04-17 02:19:30,2016-04-17 09:00:30,06:41:00,11427859715
5553957443,2016-04-17 23:11:30,2016-04-18 06:40:30,07:29:00,11427859716
5553957443,2016-04-18 13:25:00,2016-04-18 14:55:00,01:30:00,11436643042
5553957443,2016-04-18 22:00:00,2016-04-19 04:49:00,06:49:00,11436643044
5553957443,2016-04-19 23:12:00,2016-04-20 10:29:00,11:17:00,11454606896
5553957443,2016-04-20 22:56:30,2016-04-21 06:06:30,07:10:00,11454606897
5553957443,2016-04-21 23:55:30,2016-04-22 05:47:30,05:52:00,11458247463
5553957443,2016-04-23 00:39:30,2016-04-23 10:51:30,10:12:00,11481403120
5553957443,2016-04-23 13:23:30,2016-04-23 15:14:30,01:51:00,11481403121
5553957443,2016-04-24 00:45:30,2016-04-24 10:12:30,09:27:00,11481403122
5553957443,2016-04-24 14:56:30,2016-04-24 16:07:30,01:11:00,11481403123
5553957443,2016-04-24 22:06:30,2016-04-25 05:53:30,07:47:00,11481403124
5553957443,2016-04-25 22:29:00,2016-04-26 06:01:00,07:32:00,11489047768
5553957443,2016-04-26 23:28:30,2016-04-27 05:58:30,06:30:00,11496635316
5553957443,2016-04-27 22:23:30,2016-04-28 05:59:30,07:36:00,11506295004
5553957443,2016-04-28 21:55:30,2016-04-29 06:09:30,08:14:00,11512318711
5553957443,2016-04-29 23:31:00,2016-04-30 11:34:00,12:03:00,11534854776
5553957443,2016-04-30 15:40:30,2016-04-30 17:38:30,01:58:00,11534854777
5553957443,2016-04-30 23:24:00,2016-05-01 09:36:00,10:12:00,11534854778
5553957443,2016-05-01 16:11:00,2016-05-01 17:23:00,01:12:00,11534854779
5553957443,2016-05-01 22:03:00,2016-05-02 05:53:00,07:50:00,11534854780
5553957443,2016-05-02 22:17:30,2016-05-03 05:25:30,07:08:00,11562080784
5553957443,2016-05-04 00:30:30,2016-05-04 08:19:30,07:49:00,11562080785
5553957443,2016-05-04 22:25:00,2016-05-05 06:08:00,07:43:00,11562080786
5553957443,2016-05-05 22:55:30,2016-05-06 06:08:30,07:13:00,11568062398
5553957443,2016-05-06 23:09:00,2016-05-07 06:58:00,07:49:00,11586139608
5553957443,2016-05-07 23:37:00,2016-05-08 09:44:00,10:07:00,11586139609
5553957443,2016-05-08 21:51:30,2016-05-09 06:04:30,08:13:00,11586139610
5553957443,2016-05-09 22:44:00,2016-05-10 06:06:00,07:22:00,11610084415
5553957443,2016-05-11 00:20:30,2016-05-11 08:25:30,08:05:00,11610084416
5553957443,2016-05-11 21:49:30,2016-05-12 05:43:30,07:54:00,11613774989
5577150313,2016-04-11 22:41:00,2016-04-12 05:58:00,07:17:00,11376928526
5577150313,2016-04-12 22:09:00,2016-04-13 05:46:00,07:37:00,11386029591
5577150313,2016-04-13 21:33:00,2016-04-14 05:49:00,08:16:00,11403402175
5577150313,2016-04-14 22:16:30,2016-04-15 05:08:30,06:52:00,11403402176
5577150313,2016-04-15 22:53:00,2016-04-16 06:17:00,07:24:00,11454678553
5577150313,2016-04-16 20:48:00,2016-04-17 06:30:00,09:42:00,11454678554
5577150313,2016-04-17 21:52:00,2016-04-18 07:04:00,09:12:00,11454678555
5577150313,2016-04-18 22:04:00,2016-04-19 05:48:00,07:44:00,11454678556
5577150313,2016-04-19 22:04:00,2016-04-20 06:03:00,07:59:00,11454678557
5577150313,2016-04-20 22:33:30,2016-04-21 05:49:30,07:16:00,11454678558
5577150313,2016-04-21 23:00:30,2016-04-22 05:05:30,06:05:00,11460146661
5577150313,2016-04-22 23:41:30,2016-04-23 06:22:30,06:41:00,11501330825
5577150313,2016-04-23 21:21:30,2016-04-24 07:35:30,10:14:00,11501330826
5577150313,2016-04-24 21:38:30,2016-04-25 05:18:30,07:40:00,11501330827
5577150313,2016-04-25 22:55:30,2016-04-26 05:11:30,06:16:00,11501330828
5577150313,2016-04-26 22:02:00,2016-04-27 05:33:00,07:31:00,11501330829
5577150313,2016-04-27 22:56:00,2016-04-28 05:07:00,06:11:00,11506820877
5577150313,2016-04-28 21:31:30,2016-04-29 05:35:30,08:04:00,11516051366
5577150313,2016-04-29 22:53:00,2016-04-30 06:05:00,07:12:00,11538556119
5577150313,2016-04-30 23:22:00,2016-05-01 05:59:00,06:37:00,11538556120
5577150313,2016-05-01 21:43:00,2016-05-02 05:10:00,07:27:00,11538556121
5577150313,2016-05-02 21:29:30,2016-05-02 23:13:30,01:44:00,11560009515
5577150313,2016-05-03 12:25:30,2016-05-03 21:27:30,09:02:00,11560009516
5577150313,2016-05-04 10:30:00,2016-05-04 21:03:00,10:33:00,11560009517
5577150313,2016-05-05 13:02:00,2016-05-05 14:19:00,01:17:00,11568340140
5577150313,2016-05-09 20:14:00,2016-05-10 05:35:00,09:21:00,11600721447
5577150313,2016-05-10 21:50:00,2016-05-11 05:45:00,07:55:00,11607787833
6117666160,2016-04-16 00:46:00,2016-04-16 07:23:00,06:37:00,11413551138
6117666160,2016-04-17 03:22:00,2016-04-17 07:40:00,04:18:00,11416558996
6117666160,2016-04-17 15:33:00,2016-04-17 17:03:00,01:30:00,11421968301
6117666160,2016-04-17 22:44:00,2016-04-18 00:29:00,01:45:00,11422749670
6117666160,2016-04-18 00:52:00,2016-04-18 07:35:00,06:43:00,11430191272
6117666160,2016-04-18 23:54:30,2016-04-19 08:05:30,08:11:00,11445412645
6117666160,2016-04-19 23:12:30,2016-04-20 07:33:30,08:21:00,11445412646
6117666160,2016-04-20 23:47:00,2016-04-21 08:56:00,09:09:00,11452486347
6117666160,2016-04-22 00:26:00,2016-04-22 09:31:00,09:05:00,11458712407
6117666160,2016-04-22 22:41:30,2016-04-23 07:39:30,08:58:00,11463701257
6117666160,2016-04-24 02:04:00,2016-04-24 08:10:00,06:06:00,11493525940
6117666160,2016-04-26 23:56:30,2016-04-27 09:12:30,09:16:00,11502015693
6117666160,2016-04-27 23:48:00,2016-04-28 06:43:00,06:55:00,11504747764
6117666160,2016-04-28 21:43:30,2016-04-29 08:18:30,10:35:00,11514386783
6117666160,2016-04-30 23:03:00,2016-05-01 08:37:00,09:34:00,11527781112
6117666160,2016-05-04 23:55:00,2016-05-05 06:49:00,06:54:00,11568765044
6117666160,2016-05-05 22:56:30,2016-05-06 09:08:30,10:12:00,11568765045
6117666160,2016-05-06 13:34:00,2016-05-06 14:58:00,01:24:00,11568765046
6117666160,2016-05-07 01:01:00,2016-05-07 07:50:00,06:49:00,11576509603
6117666160,2016-05-07 19:41:00,2016-05-07 21:17:00,01:36:00,11576509604
6117666160,2016-05-07 22:55:00,2016-05-08 08:57:00,10:02:00,11589908471
6117666160,2016-05-08 22:53:30,2016-05-09 07:34:30,08:41:00,11589908472
6775888955,2016-04-13 02:49:30,2016-04-13 07:08:30,04:19:00,11384442455
6775888955,2016-04-13 23:53:00,2016-04-14 07:13:00,07:20:00,11397216255
6775888955,2016-04-15 00:11:00,2016-04-15 06:56:00,06:45:00,11400668739
6962181067,2016-04-12 00:23:30,2016-04-12 06:49:30,06:26:00,11372617693
6962181067,2016-04-12 23:56:00,2016-04-13 08:05:00,08:09:00,11383389803
6962181067,2016-04-13 08:40:00,2016-04-13 09:42:00,01:02:00,11384378592
6962181067,2016-04-13 09:52:00,2016-04-13 11:57:00,02:05:00,11385239921
6962181067,2016-04-13 23:17:30,2016-04-14 06:51:30,07:34:00,11391082858
6962181067,2016-04-14 06:53:00,2016-04-14 08:12:00,01:19:00,11392223003
6962181067,2016-04-15 00:23:00,2016-04-15 06:48:00,06:25:00,11399562896
6962181067,2016-04-16 01:36:30,2016-04-16 07:41:30,06:05:00,11408300019
6962181067,2016-04-17 00:06:30,2016-04-17 07:31:30,07:25:00,11415835154
6962181067,2016-04-17 23:13:30,2016-04-18 06:50:30,07:37:00,11424306120
6962181067,2016-04-18 23:13:30,2016-04-19 08:07:30,08:54:00,11434169235
6962181067,2016-04-19 23:38:00,2016-04-20 06:41:00,07:03:00,11441506388
6962181067,2016-04-20 23:10:00,2016-04-21 06:46:00,07:36:00,11449886243
6962181067,2016-04-21 23:29:00,2016-04-22 06:43:00,07:14:00,11457937567
6962181067,2016-04-22 22:46:30,2016-04-23 07:51:30,09:05:00,11464896666
6962181067,2016-04-24 00:00:00,2016-04-24 08:33:00,08:33:00,11472150478
6962181067,2016-04-24 23:53:00,2016-04-25 06:47:00,06:54:00,11479670086
6962181067,2016-04-25 23:13:30,2016-04-26 06:38:30,07:25:00,11488695133
6962181067,2016-04-26 22:56:00,2016-04-27 06:42:00,07:46:00,11496026553
6962181067,2016-04-27 23:44:30,2016-04-28 07:16:30,07:32:00,11504431352
6962181067,2016-04-28 23:12:00,2016-04-29 06:38:00,07:26:00,11511802750
6962181067,2016-04-30 01:29:00,2016-04-30 08:32:00,07:03:00,11520934806
6962181067,2016-05-01 00:24:00,2016-05-01 07:29:00,07:05:00,11526663776
6962181067,2016-05-01 22:43:00,2016-05-02 06:44:00,08:01:00,11534084699
6962181067,2016-05-02 23:50:30,2016-05-03 06:47:30,06:57:00,11542593091
6962181067,2016-05-03 23:06:00,2016-05-04 06:40:00,07:34:00,11549818349
6962181067,2016-05-04 23:39:00,2016-05-05 07:49:00,08:10:00,11557829052
6962181067,2016-05-05 23:22:00,2016-05-06 07:03:00,07:41:00,11564797317
6962181067,2016-05-07 03:10:30,2016-05-07 08:43:30,05:33:00,11572402930
6962181067,2016-05-07 23:27:00,2016-05-08 08:55:00,09:28:00,11579365841
6962181067,2016-05-08 23:30:00,2016-05-09 07:46:00,08:16:00,11587333914
6962181067,2016-05-09 22:49:00,2016-05-10 06:49:00,08:00:00,11596233059
6962181067,2016-05-10 23:27:00,2016-05-11 07:26:00,07:59:00,11605753758
6962181067,2016-05-11 23:06:00,2016-05-12 08:00:00,08:54:00,11614342249
7007744171,2016-04-16 14:06:30,2016-04-16 15:27:30,01:21:00,11413262371
7007744171,2016-05-01 11:29:30,2016-05-01 12:29:30,01:00:00,11536633979
7086361926,2016-04-11 22:11:30,2016-04-12 06:55:30,08:44:00,11374876178
7086361926,2016-04-12 23:00:00,2016-04-13 06:44:00,07:44:00,11384782524
7086361926,2016-04-13 22:41:00,2016-04-14 06:36:00,07:55:00,11393314816
7086361926,2016-04-15 00:19:00,2016-04-15 06:44:00,06:25:00,11402209490
7086361926,2016-04-18 22:42:00,2016-04-19 06:44:00,08:02:00,11435753721
7086361926,2016-04-19 22:16:00,2016-04-20 06:37:00,08:21:00,11443866261
7086361926,2016-04-21 00:06:00,2016-04-21 06:56:00,06:50:00,11452159041
7086361926,2016-04-21 23:20:00,2016-04-22 06:47:00,07:27:00,11459947346
7086361926,2016-04-24 00:27:00,2016-04-24 12:10:00,11:43:00,11475129406
7086361926,2016-04-24 23:15:00,2016-04-25 06:41:00,07:26:00,11481756215
7086361926,2016-04-25 22:25:00,2016-04-26 06:44:00,08:19:00,11491310648
7086361926,2016-04-26 22:46:00,2016-04-27 06:44:00,07:58:00,11498140223
7086361926,2016-04-28 00:43:00,2016-04-28 06:49:00,06:06:00,11506304723
7086361926,2016-04-30 01:30:00,2016-04-30 09:38:00,08:08:00,11522703526
7086361926,2016-05-01 00:28:00,2016-05-01 07:14:00,06:46:00,11528444538
7086361926,2016-05-01 23:15:00,2016-05-02 06:53:00,07:38:00,11536298042
7086361926,2016-05-02 23:02:00,2016-05-03 06:42:00,07:40:00,11545051498
7086361926,2016-05-03 23:29:00,2016-05-04 06:44:00,07:15:00,11552208347
7086361926,2016-05-06 01:15:00,2016-05-06 06:47:00,05:32:00,11567152284
7086361926,2016-05-07 00:29:00,2016-05-07 09:36:00,09:07:00,11574341026
7086361926,2016-05-08 00:06:00,2016-05-08 08:35:00,08:29:00,11581172715
7086361926,2016-05-08 23:31:00,2016-05-09 06:48:00,07:17:00,11588926929
7086361926,2016-05-10 23:03:30,2016-05-11 06:45:30,07:42:00,11607696585
7086361926,2016-05-11 23:09:30,2016-05-12 06:45:30,07:36:00,11615720066
8053475328,2016-04-20 02:29:00,2016-04-20 10:41:00,08:12:00,11444501949
8053475328,2016-04-23 03:36:00,2016-04-23 09:12:00,05:36:00,11467486051
8053475328,2016-05-07 19:49:00,2016-05-07 21:03:00,01:14:00,11576391252
8378563200,2016-04-11 22:19:00,2016-04-12 04:14:00,05:55:00,11373088895
8378563200,2016-04-12 20:14:30,2016-04-13 02:28:30,06:14:00,11382763276
8378563200,2016-04-13 02:32:00,2016-04-13 04:23:00,01:51:00,11382763277
8378563200,2016-04-13 20:40:00,2016-04-14 04:14:00,07:34:00,11391590098
8378563200,2016-04-14 21:12:00,2016-04-15 06:04:00,08:52:00,11400023617
8378563200,2016-04-15 22:47:00,2016-04-16 07:57:00,09:10:00,11409127461
8378563200,2016-04-16 21:07:30,2016-04-16 23:24:30,02:17:00,11414152053
8378563200,2016-04-16 23:26:00,2016-04-17 07:07:00,07:41:00,11416249771
8378563200,2016-04-17 13:51:00,2016-04-17 15:59:00,02:08:00,11420754094
8378563200,2016-04-17 20:49:00,2016-04-18 04:19:00,07:30:00,11424513975
8378563200,2016-04-18 21:21:00,2016-04-19 04:21:00,07:00:00,11433548828
8378563200,2016-04-19 21:32:30,2016-04-20 04:20:30,06:48:00,11441710430
8378563200,2016-04-20 21:23:00,2016-04-21 04:19:00,06:56:00,11450382515
8378563200,2016-04-21 20:35:00,2016-04-22 04:23:00,07:48:00,11458449548
8378563200,2016-04-22 21:57:00,2016-04-23 07:47:00,09:50:00,11465706523
8378563200,2016-04-23 22:53:30,2016-04-24 07:04:30,08:11:00,11471818605
8378563200,2016-04-24 21:34:30,2016-04-25 04:15:30,06:41:00,11480131819
8378563200,2016-04-25 20:23:00,2016-04-26 06:06:00,09:43:00,11489307342
8378563200,2016-04-26 20:29:00,2016-04-27 06:28:00,09:59:00,11494852178
8378563200,2016-04-27 21:05:00,2016-04-28 06:20:00,09:15:00,11508037626
8378563200,2016-04-28 20:52:30,2016-04-29 06:13:30,09:21:00,11512161584
8378563200,2016-04-29 22:03:00,2016-04-30 07:17:00,09:14:00,11520206581
8378563200,2016-04-30 22:19:30,2016-05-01 07:17:30,08:58:00,11527533844
8378563200,2016-05-01 21:56:00,2016-05-02 04:20:00,06:24:00,11534586771
8378563200,2016-05-02 21:12:00,2016-05-03 04:20:00,07:08:00,11543250624
8378563200,2016-05-03 22:49:00,2016-05-04 06:45:00,07:56:00,11550654115
8378563200,2016-05-04 21:22:00,2016-05-05 04:18:00,06:56:00,11557612620
8378563200,2016-05-05 21:46:00,2016-05-06 03:40:00,05:54:00,11565147460
8378563200,2016-05-06 21:37:30,2016-05-07 01:48:30,04:11:00,11572911643
8378563200,2016-05-07 04:15:00,2016-05-07 08:35:00,04:20:00,11572911644
8378563200,2016-05-07 22:59:00,2016-05-08 09:04:00,10:05:00,11578970640
8378563200,2016-05-08 21:45:30,2016-05-09 04:23:30,06:38:00,11587138241
8378563200,2016-05-09 21:32:30,2016-05-10 04:02:30,06:30:00,11595151537
8378563200,2016-05-10 21:52:30,2016-05-11 04:18:30,06:26:00,11605715978
8378563200,2016-05-11 21:29:00,2016-05-12 06:34:00,09:05:00,11611590375
8792009665,2016-04-12 01:51:00,2016-04-12 10:03:00,08:12:00,11375666612
8792009665,2016-04-13 01:18:00,2016-04-13 10:29:00,09:11:00,11385348917
8792009665,2016-04-14 02:34:00,2016-04-14 10:56:00,08:22:00,11431161768
8792009665,2016-04-15 03:17:00,2016-04-15 09:33:00,06:16:00,11431161769
8792009665,2016-04-20 02:13:00,2016-04-20 11:19:00,09:06:00,11444600597
8792009665,2016-04-22 02:02:00,2016-04-22 08:48:00,06:46:00,11459956046
8792009665,2016-04-23 03:15:00,2016-04-23 09:14:00,05:59:00,11466415426
8792009665,2016-04-27 02:11:00,2016-04-27 09:18:00,07:07:00,11510924293
8792009665,2016-04-28 02:43:00,2016-04-28 09:38:00,06:55:00,11510924294
8792009665,2016-04-29 02:19:00,2016-04-29 09:04:00,06:45:00,11514018985
8792009665,2016-04-30 02:20:00,2016-04-30 08:19:00,05:59:00,11521265607
8792009665,2016-05-01 01:04:00,2016-05-01 09:50:00,08:46:00,11528665309
8792009665,2016-05-02 02:34:30,2016-05-02 09:36:30,07:02:00,11536572725
8792009665,2016-05-03 02:00:30,2016-05-03 11:04:30,09:04:00,11545482065
8792009665,2016-05-04 02:21:00,2016-05-04 10:03:00,07:42:00,11552534115
